ID,LatestGreetingTime
The binary equivalent of 1.1.1.1 is: 00000001.00000001.00000001.00000001,"Sat, 24 Sep 2022 23:30:46 +0000"
The binary equivalent of 192.168.1.1 is: 11000000.10101000.00000001.00000001,"Wed, 26 Oct 2022 13:08:02 +0000"
The binary equivalent of 255.255.1.1 is: 11111111.11111111.00000001.00000001,"Wed, 26 Oct 2022 00:41:08 +0000"
The binary equivalent of 255.255.255.255 is:11111111.11111111.11111111.11111111,"Sat, 24 Sep 2022 23:08:29 +0000"
"
The binary equivalent of 255.255.255.255 is:
11111111.11111111.11111111.11111111
","Sat, 24 Sep 2022 23:07:44 +0000"
The binary equivalent of 10.10.10.0 is: 00001010.00001010.00001010.00000000,"Wed, 26 Oct 2022 00:41:08 +0000"
The binary equivalent of 255.255.255.255 is: 11111111.11111111.11111111.11111111,"Thu, 27 Oct 2022 00:40:43 +0000"
The binary equivalent of 192.168.4.1 is: 11000000.10101000.00000100.00000001,"Thu, 27 Oct 2022 00:21:43 +0000"
The binary equivalent of 172.31.255.254 is: 10101100.00011111.11111111.11111110,"Wed, 26 Oct 2022 13:08:02 +0000"
The binary equivalent of 1.1.1.1.1 is: 00000001.00000001.00000001.00000001,"Sat, 24 Sep 2022 23:30:46 +0000"
The binary equivalent of 255.255.0.0 is: 11111111.11111111.00000000.00000000,"Wed, 26 Oct 2022 15:44:56 +0000"
The binary equivalent of 255.255.255.0 is: 11111111.11111111.11111111.00000000,"Fri, 21 Oct 2022 13:50:15 +0000"
